_score,_bucket,_case_type
0.4929846118655272,0,fn_approve
0.4915874406553009,0,fn_approve
0.48964835882390917,0,fn_approve
0.4855950053888948,0,fn_approve
0.47641963901237616,0,fn_approve
0.9945931888080369,2,fp_block
0.9826059382294656,2,fp_block
0.9546322227630205,2,fp_block
0.9394969337811421,2,fp_block
0.9391555376426596,2,fp_block
