type,transactions,fraud_transactions,fraud_rate,total_amount,avg_amount
CASH_OUT,2237500,4116,0.0018395530726256983,394412995224.49,176273.96434614077
PAYMENT,2151495,0,0.0,28093371138.37,13057.604660187451
CASH_IN,1399284,0,0.0,236367391912.46,168920.24200409636
TRANSFER,532909,4097,0.007687991758442811,485291987263.17,910647.0096454929
DEBIT,41432,0,0.0,227199221.28,5483.6653137671365
