type,transactions,fraud_transactions,fraud_rate,total_amount,avg_amount
CASH_OUT,3678,254,0.06905927134312126,928742910.17,252513.0261473627
PAYMENT,3168,0,0.0,40996249.22,12940.735233585858
CASH_IN,2098,0,0.0,353765177.05,168620.19878455673
TRANSFER,1000,246,0.246,1100383946.1,1100383.9460999998
DEBIT,56,0,0.0,228374.84,4078.122142857143
